distance_mm,mean_range_cm,mean_absolute_error_cm,std_dev_cm,material,medium,frequency_hz
340,36.3034733771695,2.3034733771695017,0.012611952370185798,yellow-buoy-26cm-diam,water,25.64
390,40.41182073009218,1.4118207300921792,0.11775840155906946,yellow-buoy-26cm-diam,water,25.64
440,44.814530989028114,0.8145309890281189,0.05820338237689811,yellow-buoy-26cm-diam,water,25.64
490,49.23525695118026,0.24046694458393608,0.5423418599105778,yellow-buoy-26cm-diam,water,25.64
540,54.262984186384955,0.2629841863849561,0.08973604092057448,yellow-buoy-26cm-diam,water,25.64
590,58.862540005873996,0.1374599941260099,0.021634728148654164,yellow-buoy-26cm-diam,water,25.64
640,63.9272814172553,0.072718582744698,0.03976792681813658,yellow-buoy-26cm-diam,water,25.64
690,68.97717400484842,0.03183170796195158,0.03250599404356402,yellow-buoy-26cm-diam,water,25.64
712,73.1167890081443,1.9167890081442998,0.15158058774706937,yellow-buoy-26cm-diam,water,25.64
