distance_mm,mean_range_cm,mean_absolute_error_cm,std_dev_cm,material,medium,frequency_hz
110,15.532390811373466,4.532390811373461,0.005968370850404183,plastic,water,45
140,15.545136322575345,1.5451363225753492,0.0035081673987556344,plastic,water,45
170,16.581159937200336,0.41884006279966507,0.15077520809290929,plastic,water,45
200,19.49976769357779,0.5002323064222081,0.030488854989510466,plastic,water,45
210,20.387185433194386,0.6128145668056155,0.06446452682473977,plastic,water,45
240,23.596254171108825,0.40374582889117633,0.051547015780292915,plastic,water,45
270,26.772532324795257,0.22746767520474287,0.012740866158235673,plastic,water,45
300,30.118436727811726,0.11843672781172974,0.042510170184452536,plastic,water,45
